Dado,Formato,Temos info?,Dado enviado para HubSpot?,Dado de Contato ou Empresa,Propriedade na Hubspot,Tempo do Dado,Prioridade de envio,Agrupamento,Observação Sabrina,Metabase
ID da loja,Número,Sim,"Sim ",Empresa,id_loja,Tempo Real,Essencial,,,
URL do site,Texto,Sim,"Sim ",Empresa,website,Tempo Real,Essencial,,"Domínio configurado no painel ou subdomínio, se não houver.",
Subdomínio da loja,Texto,Sim,"Sim ",Empresa,subdomain,Tempo Real,Essencial,,Subdominio .lojaintegrada.com.br,
Status da Loja,Texto,Sim,"Sim ",Empresa,status_da_loja,Tempo Real,Essencial,,,
Loja em manutenção,Flag,Sim,"Sim ",Empresa,loja_em_manutencao,Tempo Real,Médio,,,
Descrição do Tier,Texto,Sim,"Sim ",Empresa,descricao_tier,D-1,Médio,,,
Clusterização,Texto,Sim,"Sim ",Empresa,cluster,D-1,Médio,,,
Segmento da Loja,Texto,Sim,"Sim ",Empresa,segmento_da_loja,Tempo Real,Essencial,,,
Cidade da Loja,Texto,Sim,"Sim ",Empresa,City,D-1,Essencial,,,
Estado da Loja,Texto,Sim,"Sim ",Empresa,state,D-1,Essencial,,,
Plano atual,Texto,Sim,"Sim ",Empresa,plan_id_cloned_,Tempo Real,Essencial,,,
Id plano atual,Número,Sim,"Sim ",Empresa,id_plano_atual,Tempo Real,Essencial,,,
Plano anterior,Texto,Sim,"Sim ",Empresa,plano_anterior,D-1,Baixo,,,
Ciclo do Plano (anual ou mensal),Texto,Sim,"Sim ",Empresa,tipo_plano,D-1,Essencial,,,
Início do ciclo,Data,Sim,"Sim ",Empresa,inicio_de_ciclo,D-1,Essencial,,,
Fim do ciclo,Data,Sim,"Sim ",Empresa,fim_de_ciclo,D-1,Essencial,,,
Upgrade Loja,Flag,Sim,"Sim ",Empresa,upgrade_loja,D-1,Essencial,,,
Downgrade Loja,Flag,Sim,"Sim ",Empresa,downgrade_loja,D-1,Essencial,,,
Churn de plano (para o grátis),Flag,Sim,"Sim ",Empresa,churn_de_plano__para_o_gratis_,D-1,Essencial,,,
Novo,Flag,Sim,"Sim ",Empresa,assinante_novo,D-1,Essencial,,,
Ranking da Loja Integrada,Número,Sim,"Sim ",Empresa,ranking,D-1,Baixo,,,
Data de criação,Data,Sim,"Sim ",Empresa,data_criacao_dl,Tempo Real,Essencial,,,
Último acesso ao painel,Data,Sim,"Sim ",Empresa,data_ultimo_acesso,Tempo Real,Médio,,,
Data da primeira venda aprovada,Data,Sim,"Sim ",Empresa,data_primeira_venda,Tempo Real,Essencial,,,
Meio de pagamento configurado,Flag,Sim,"Sim ",Empresa,pagamento_ativo,Tempo Real,Essencial,,Flag se possui algum meio de pagamento ativo no momento,
Data configurou um meio de pagamento,Data,Sim,"Sim ",Empresa,data_cadastro_pagamento,Tempo Real,Essencial,,Data em que configurou um meio de pagamento na loja pela primeira vez,
Meio de envio configurado,Flag,Sim,"Sim ",Empresa,envio_ativo,Tempo Real,Essencial,,Flag se possui algum meio de envio ativo no momento,
Data configurou um meio de envio,Data,Sim,"Sim ",Empresa,data_cadastro_envio,Tempo Real,Essencial,,Data em que configurou um meio de envio na loja pela primeira vez,
Data cadastrou primeiro produto,Data,Sim,"Sim ",Empresa,data_cadastro_produto,Tempo Real,Essencial,,Data em que cadastrou um produto na loja pela primeira vez,
Quantidade de produtos ativos,Número,Sim,"Sim ",Empresa,produtos_ativos,Tempo Real,Essencial,,,
Terminou o Wizard,Flag,Sim,"Sim ",Empresa,finalizou_wizard,Tempo Real,Essencial,,,
Checkout sem senha,Flag,Sim,"Sim ",Empresa,checkout_sem_senha,D-1,Médio,,,
Carrinho abandonado Ativo,Flag,Sim,"Sim ",Empresa,carrinho_abandonado_auto,Tempo Real,Médio,,,
Configurou domínio,Flag,Sim,"Sim ",Empresa,dominio_proprio,D-1,Médio,,,
Newsletter ativa,Data,Sim,"Sim ",Empresa,newsletter_ativa,D-1,Baixo,,,
Avise-me automático ativo,Data,Sim,"Sim ",Empresa,aviseme_auto_ativo,D-1,Baixo,,,
Frete grátis ativo,Data,Sim,"Sim ",Empresa,frete_gratis_ativo,Tempo Real,Médio,,,
Tema Grátis,Flag,Sim,"Sim ",Empresa,tema_gratis,Tempo Real,Médio,,,
Tema Agência,Flag,Sim,"Sim ",Empresa,tema_agencia,Tempo Real,Médio,,,
Logo,Flag,Sim,"Sim ",Empresa,logo_da_loja,D-1,Médio,,,
GMV Mês atual,Número,Sim,"Sim ",Empresa,gmv_mes_atual,D-1,Essencial,,,
GMV 30D,Número,Sim,"Sim ",Empresa,gmv_30d,D-1,Médio,,,
GMV 60D,Número,Sim,"Sim ",Empresa,gmv_60_dias,D-1,Médio,,,
GMV 90D,Número,Sim,"Sim ",Empresa,gmv_90_dias,D-1,Médio,,,
Data ativação Enviali,Data,,"Sim ",Empresa,data_configuracao_do_enviali,D-1,Essencial,,,
Saldo disponível no Enviali,Número,Sim,"Sim ",Empresa,saldo_enviali,D-1,Médio,,,
Data da primeira emissão de etiqueta,Data,Sim,"Sim ",Empresa,data_da_primeira_etiqueta_enviali,Tempo Real,Médio,,,
Data da última emissão de etiqueta,Data,Sim,"Sim ",Empresa,data_da_ultima_emissao_de_etiqueta_enviali,Tempo Real,Médio,,,
"Etiquetas disponíveis ",Número,Sim,"Sim ",Empresa,etiquetas_disponiveis_enviali,Tempo Real,Médio,,,
ALLINTEGRA,Flag,Sim,"Sim ",Empresa,allintegra_ativo,D-1,Essencial,,,
Appmax - Cartao,Flag,Sim,"Sim ",Empresa,appmax_cartao,D-1,Médio,,,
Appmax - Boleto,Flag,Sim,"Sim ",Empresa,appmax_boleto,D-1,Médio,,,
Cielo - Cartao,Flag,Sim,"Sim ",Empresa,cielo_cartao,D-1,Médio,,,
Cielo - Boleto,Flag,Sim,"Sim ",Empresa,cielo_boleto,D-1,Médio,,,
Mercado Pago - Redirect,Flag,Sim,"Sim ",Empresa,mercado_pago_redirect,D-1,Médio,,,
Mercado Pago - Boleto,Flag,Sim,"Sim ",Empresa,mercado_pago_boleto,D-1,Médio,,,
Mercado Pago - Cartao,Flag,Sim,"Sim ",Empresa,mercado_pago_cartao,D-1,Médio,,,
Outros - Deposito,Flag,Sim,"Sim ",Empresa,outros_deposito,D-1,Médio,,,
Outros - Pagamento Externo,Flag,Sim,"Sim ",Empresa,outros_pagamento_externo,D-1,Médio,,,
Pagali - Pix,Flag,Sim,"Sim ",Empresa,pagali_pix,D-1,Médio,,,
Pagali - Cartao,Flag,Sim,"Sim ",Empresa,pagali_cartao,Tempo Real,Essencial,,,
Pagali - Boleto,Flag,Sim,"Sim ",Empresa,pagali_boleto,D-1,Médio,,,
Pagarme - Boleto,Flag,Sim,"Sim ",Empresa,pagarme_boleto,D-1,Médio,,,
Pagarme - Cartao,Flag,Sim,"Sim ",Empresa,pagarme_cartao,D-1,Médio,,,
Paghiper - Boleto,Flag,Sim,"Sim ",Empresa,paghiper_boleto,D-1,Médio,,,
Pagseguro - Cartao,Flag,Sim,"Sim ",Empresa,pagseguro_cartao,D-1,Médio,,,
Pagseguro - Boleto,Flag,Sim,"Sim ",Empresa,pagseguro_boleto,D-1,Médio,,,
Pagseguro - Redirect,Flag,Sim,"Sim ",Empresa,pagseguro_redirect,D-1,Médio,,,
Paypal - Cartao,Flag,Sim,"Sim ",Empresa,paypal_cartao,D-1,Essencial,,,
Paypal - Redirect,Flag,Sim,"Sim ",Empresa,paypal_redirect,D-1,Essencial,,,
PAC Correios,Flag,Sim,"Sim ",Empresa,pac_correios,D-1,Essencial,,,
Sedex,Flag,Sim,"Sim ",Empresa,sedex,D-1,Essencial,,,
Enviali,Flag,Sim,"Sim ",Empresa,enviali,D-1,Essencial,,,
Melhor Envio,Flag,Sim,"Sim ",Empresa,melhor_envio,D-1,Essencial,,,
Frenet,Flag,Sim,"Sim ",Empresa,frenet,D-1,Essencial,,,
Manda Bem,Flag,Sim,"Sim ",Empresa,manda_bem,D-1,Essencial,,,
Kangu,Flag,Sim,"Sim ",Empresa,kangu,D-1,Essencial,,,
Frete Barato,Flag,Sim,"Sim ",Empresa,frete_barato,D-1,Essencial,,,
Forma de Envio Retirada,Flag,Sim,"Sim ",Empresa,forma_de_envio_retirada_em_maos,D-1,Essencial,,,
Forma de Envio Transportadora,Flag,Sim,"Sim ",Empresa,forma_de_envio_transportadora,D-1,Essencial,,,
Forma de Envio Motoboy,Flag,Sim,"Sim ",Empresa,forma_de_envio_motoboy,D-1,Essencial,,,
Forma de Envio Personalizada,Flag,Sim,"Sim ",Empresa,forma_de_envio_personalizada,D-1,Essencial,,,
Tipo de Pessoa,Texto,Sim,"Sim ",Empresa,tipo_de_pessoa,D-1,Essencial,,,
GMV Cartão (30D),Número,Sim,"Sim ",Empresa,gmv_cartao_30d,D-1,Essencial,,,
Taxa de aprovação em Cartão (Meio de pagamento) Ultimo mês fechado,Número,Sim,"Sim ",Empresa,taxa_de_aprovacao_em_cartao_ultimo_mes_fechado,D-1,Médio,,,
Taxa de Conversão do segmento da loja (%) Ultimo mês fechado,Número,Sim,"Sim ",Empresa,taxa_de_conversao_do_segmento_da_loja_ultimo_mes_fechado,D-1,Médio,,,
" Taxa de Conversão ultimo mês fechado",Número,Sim,"Sim ",Empresa,taxa_de_conversao_ultimo_mes_fechado,D-1,Médio,,,
Banner,Flag,Sim,"Sim ",Empresa,banner,Tempo Real,Médio,,,
Usa editor de e-mail,Flag,Não,Não,Empresa,usa_editor_de_e_mail,D-1,Médio,,Não está no Starrocks,
Data da instalação do tema,Data,Sim,"Sim ",Empresa,data_instalacao_tema,Tempo Real,,,,
Google Shopping - Data de Instalação,Data,Não,Não,Empresa,data_criacao_google_shopping,Tempo Real,Médio,,,
Google Shopping - Tem Campanha,Data,Não,Não,Empresa,google_shopping_tem_campanha,D-1,,,,
Cupom Ativo?,Flag,Sim,"Sim ",Empresa,cupom_ativo,Tempo Real,Essencial,,,
Data que ativou o primeiro cupom,Data,Sim,"Sim ",Empresa,data_que_ativou_o_primeiro_cupom,Tempo Real,Essencial,,,
Data que ativou Brinde Nativo,Data,Sim,Não,Empresa,data_que_ativou_brinde,Tempo Real,Médio,,,
"Compre junto ativo ",Flag,Sim,"Sim ",Empresa,compre_junto_ativo,Tempo Real,Essencial,,,
Data que ativou Compre junto,Data,Sim,"Sim ",Empresa,data_que_ativou_compre_junto,Tempo Real,Essencial,,,
API de Conversões + Pixel Meta  (ativo),Flag,Sim,"Sim ",Empresa,api_de_conversoes_pixel_meta_ativo,D-1,Baixo,,,
"Compre junto com desconto ",Flag,Sim,"Sim ",Empresa,compre_junto_com_desconto_ativo,Tempo Real,Essencial,,,
Data que ativou Carrinho abandonado,Data,Sim,"Sim ",Empresa,data_que_ativou_carrinho_abandonado,Tempo Real,Essencial,,,
Abandono de carrinho 1h,Flag,Sim,Não,Empresa,abandono_carrinho_1h,Tempo Real,Médio,,,
Abandono de carrinho 6h,Flag,Sim,Não,Empresa,abandono_carrinho_6h,Tempo Real,Médio,,,
Abandono de carrinho 24h,Flag,Sim,Não,Empresa,abandono_carrinho_24h,Tempo Real,Médio,,,
Usarei minha loja como,Texto,Sim,"Sim ",Empresa,modelo_de_loja,D-1,Médio,,,
Politica de Privacidade,Flag,Sim,Não,Empresa,politica_privacidade,Tempo Real,Baixo,,,
Avaliação LI Ativo,Flag,Sim,"Sim ",Empresa,ferramenta_avaliacao,Tempo Real,Médio,,,
Data de ativação Avaliação,Data,Sim,Não,Empresa,data_ativacao_avaliacao,Tempo Real,Médio,,,
Visita com Midia Paga Realizada (UTM),Flag,,Não,Empresa,N/A,Tempo Real,Médio,,,
Dropi (ativo),Flag,Sim,"Sim ",Empresa,dropi_ativo,D-1,Essencial,,,
Quantidade de produtos Dropi,Número,Não,Não,Empresa,N/A,Tempo Real,Essencial,,"Não temos como saber a quantidade de produtos, somente se a loja realmente usou a ferramenta pelas chamadas de API. Não tem no banco a info, é necessário buscar no ES.",
Emanda (ativo),Flag,Sim,"Sim ",Empresa,emanda_ativo,D-1,Baixo,,,
Enviou (ativo),Flag,Sim,"Sim ",Empresa,enviou_ativo,D-1,Baixo,,,
Fidelizar (ativo),Flag,Sim,"Sim ",Empresa,fidelizar_ativo,D-1,Baixo,,,
Google Tag Manager   (ativo),Flag,Sim,"Sim ",Empresa,google_tag_manager_ativo,D-1,Médio,,,
Google Search Console  (ativo),Flag,Sim,"Sim ",Empresa,google_search_console_ativo,D-1,Médio,,,
Mailbiz    (ativo),Flag,Sim,"Sim ",Empresa,mailbiz_ativo,D-1,Baixo,,,
GA4  (ativo),Flag,Sim,"Sim ",Empresa,ga4_ativo,D-1,Baixo,,,
RD STATION Marketing  (ativo),Flag,Sim,"Sim ",Empresa,rd_station_ativo,D-1,Baixo,,,
Bling ativo,Flag,Sim,"Sim ",Empresa,bling_ativo,D-1,Baixo,,,
Atendente.AI   Ativo,Flag,Sim,"Sim ",Empresa,atendente_ai__ativo,D-1,Baixo,,,
Anymarket Ativo,Flag,Sim,"Sim ",Empresa,anymarket_ativo,D-1,Baixo,,,
Facebook Anúncios Dinâmicos Ativo,Flag,Sim,"Sim ",Empresa,facebook_anuncios_dinamicos_ativo,D-1,Baixo,,,
"Data que cadastrou Botão do Whatsapp ",Data,Sim,"Sim ",Empresa,data_que_cadastrou_botao_do_whatsapp,D-1,Baixo,,,
google merchant Ativo,Flag,Sim,"Sim ",Empresa,google_merchant_ativo,D-1,Baixo,,,
E-Vendas Automação de WhatsApp Ativo,Flag,Sim,"Sim ",Empresa,e_vendas_automacao_de_whatsapp_ativo,D-1,Baixo,,,
Login Social via Google ativo,Flag,Sim,"Sim ",Empresa,login_social_via_google_ativo,D-1,Médio,,,
Indexa AI Ativo,Flag,Sim,"Sim ",Empresa,indexa_ai_ativo,D-1,Essencial,,,
Quantidade de produtos pelo Indexa.ai,Número,Não,Não,Empresa,N/A,Tempo Real,Essencial,,"Não temos como saber a quantidade de produtos, somente se a loja realmente usou a ferramenta pelas chamadas de API. Não tem no banco a info, é necessário buscar no ES.",
Google Adwords Ativo,Flag,Sim,"Sim ",Empresa,google_adwords_ativo,D-1,Médio,,,
Funcionalidade Promoção Ativa,Flag,Sim,"Sim ",Empresa,funcionalidade_promocao_ativa,Tempo Real,Médio,,,
Data da primeira promoção,Data,Sim,"Sim ",Empresa,data_da_primeira_promocao,Tempo Real,Médio,,,
"Nome ",Texto,Sim,"Sim ",Contato,firstname,Tempo Real,Essencial,,,
E-mail,Texto,Sim,"Sim ",Contato,email,Tempo Real,Essencial,,,
Origem do lead - aquisição,Texto,Sim,"Sim ",Empresa,origem_do_lead___aquisicao,Tempo Real,Essencial,,,
Campanha do lead aquisição,Texto,Sim,"Sim ",Empresa,campanha_do_lead_aquisicao,Tempo Real,Essencial,,,
"Mídia do lead ",Texto,Sim,"Sim ",Empresa,midia_do_lead,Tempo Real,Essencial,,,
Contato responsável pela conta,Flag,Sim,"Sim ",Contato,contato_responsavel_pela_conta,Tempo Real,Essencial,,,
Último login do usuário,Data,Sim,"Sim ",Contato,ultimo_login_painel,Tempo Real,Essencial,,,
Loja reativada,Flag,Sim,"Sim ",Empresa,loja_reativada,D-1,Baixo,,,
Google Shopping ativo,Flag,Não,Não,Empresa,,Tempo Real,Médio,,,
Recaptcha ativo,Flag,Sim,"Sim ",Empresa,recaptcha_ativo,D-1,Médio,,,
Abandono de produto ativo,Flag,Sim,"Sim ",Empresa,abandono_de_produto_ativo,Tempo Real,Médio,,,
Data que ativou abandono de produto,Data,Sim,"Sim ",Empresa,data_abandono_produto,Tempo Real,Essencial,,,
Data primeira assinatura de plano,Data,Sim,"Sim ",Empresa,"data_da_primeira_assinatura_empresa ",Tempo Real,Médio,,,
Telefone,Número,Sim,"Sim ",Contato,phone,Tempo Real,Médio,,,
WhatsaApp,Número,Sim,"Sim ",Contato,hs_whatsapp_phone_number,Tempo Real,Médio,,,
Base Ativo,Flag,Sim,"Sim ",Empresa,base_ativo,D-1,Baixo,,,
Replay Ativo,Flag,Sim,"Sim ",Empresa,replay_ativo,D-1,Baixo,,,
Magis5,Flag,Sim,"Sim ",Empresa,magis5_ativo,D-1,Essencial,,,
Olist Tiny Ativo,Flag,Sim,"Sim ",Empresa,olist_tiny_ativo,D-1,Baixo,,,
PLUGG.TO,Flag,Sim,"Sim ",Empresa,pluggto_ativo,D-1,Essencial,,,
Domínio inativo,Flag,Sim,"Sim ",Empresa,dominio_inativo,D-1,Baixo,,,
Usa recuperação por Whatsapp,Flag,Sim,Não,Empresa,recuperacao_whatsapp,Tempo Real,Baixo,,,
Status Pagali,Texto,Sim,"Sim ",Empresa,status_pagali,D-1,Baixo,,,
Desconto no Pix ativado,Flag,Sim,"Sim ",Empresa,desconto_no_pix_ativo,D-1,Baixo,,,
Finalizou configuracao Enviali,Flag,Sim,"Sim ",Empresa,finalizou_configuracao_enviali,Tempo Real,Essencial,,,
Economia Enviali no último mês fechado,Número,Sim,Não,Empresa,economia_enviali,Tempo Real,Essencial,,,
Primeira venda enviali - Data,Data,Sim,"Sim ",Empresa,primeira_venda_enviali_data,Tempo Real,Essencial,,,
Primeira venda enviali - Status,Texto,Sim,"Sim ",Empresa,primeira_venda_enviali_status,Tempo Real,Essencial,,,
Segunda venda enviali - Data,Data,Sim,"Sim ",Empresa,segunda_venda_enviali_data,Tempo Real,Essencial,,,
Segunda venda enviali - Status,Texto,Sim,"Sim ",Empresa,segunda_venda_enviali_status,Tempo Real,Essencial,,,
Quinta venda enviali - Data,Data,Sim,"Sim ",Empresa,quinta_venda_enviali_data,Tempo Real,Essencial,,,
Quinta venda enviali - Status,Texto,Sim,"Sim ",Empresa,quinta_venda_enviali_status,Tempo Real,Essencial,,,
Decima venda enviali - Data,Data,Sim,"Sim ",Empresa,decima_venda_enviali_data,Tempo Real,Essencial,,,
Decima venda enviali - Status,Texto,Sim,"Sim ",Empresa,decima_venda_enviali_status,Tempo Real,Essencial,,,
sizebay Ativo,Flag,Sim,"Sim ",Empresa,sizebay_ativo,D-1,Baixo,,,
Visitas 30 dias,Número,Sim,"Sim ",Empresa,visitas_30d,D-1,Médio,,,
Visitas 60 dias,Flag,Sim,"Sim ",Empresa,visitas_60d,D-1,Essencial,,,
Usa Jadlog no Enviali,Flag,Sim,"Sim ",Empresa,usa_jadlog_enviali,D-1,,,,
"Hub Integrador ",Flag,Sim,Não,Empresa,,D-1,Essencial,,"Essa propriedade é configurada a partir de informações enviadas para a hubspot. Foi criada por fluxo, considerando configuração dos hubs ",
"Vendas 90 dias ",Flag,Sim,Não,Empresa,,D-1,Baixo,,"Essa propriedade é configurada a partir de informações enviadas para a hubspot. Foi criada por fluxo, considerando se tem GMV 90 dias maior que zero",
data evento conectar magalu,Data,Sim,"Sim ",Empresa,data_evento_conectar_magalu,Tempo Real,Essencial,,,
data evento tenhoconta magalu,Data,Sim,"Sim ",Empresa,data_evento_tenhoconta_magalu,Tempo Real,Essencial,,,
data evento criarconta magalu,Data,Sim,"Sim ",Empresa,data_evento_criarconta_magalu,Tempo Real,Essencial,,,
data configuracao magalu,Data,Sim,"Sim ",Empresa,data_configuracao_magalu,Tempo Real,Essencial,,,
data vendeu magalu,Data,Sim,"Sim ",Empresa,data_vendeu_magalu,Tempo Real,Essencial,,,
flag token magalu,Flag,Sim,"Sim ",Empresa,flag_token_magalu,Tempo Real,Essencial,,,
flag selecao produtos magalu,Flag,Sim,"Sim ",Empresa,flag_selecao_produtos_magalu,Tempo Real,Essencial,,,
flag publicacao oferta magalu,Flag,Sim,"Sim ",Empresa,flag_publicacao_oferta_magalu,Tempo Real,Essencial,,,
"Telefone Cobrança ",Número,Sim,Não,Contato,telefone_de_cobranca,D-1,,,,
qtde_visitas_60d,Número,Sim,"Sim ",Empresa,visitas_90d,D-1,Essencial,,,
qtde_visitas_90d,Número,Sim,"Sim ",Empresa,visitas_60d,D-1,Essencial,,,
flag_ativo_gofretes,Flag,Sim,"Sim ",Empresa,go_fretes,D-1,Baixo,,,
flag_pac_contrato,Flag,Sim,"Sim ",Empresa,flag_pac_contrato,D-1,Baixo,,,
economia_enviali,Número,Sim,"Sim ",Empresa,economia_enviali,D-1,Baixo,,,
data_da_ultima_emissao_de_etiqueta_enviali,Data,Sim,"Sim ",Empresa,data_da_ultima_emissao_de_etiqueta_enviali,D-1,Essencial,,,
data_ultimo_pedido_enviali,Data,Sim,"Sim ",Empresa,data_ultimo_pedido_enviali,D-1,Essencial,,,
pagali_cartao,Flag,Sim,"Sim ",Empresa,pagali_cartao,D-1,Essencial,,,
qtde_pedido_30d,Número,Sim,"Sim ",Empresa,qtde_pedido_30d,D-1,Essencial,,,
qtde_pedido_60d,Número,Sim,"Sim ",Empresa,qtde_pedido_60d,D-1,Essencial,,,
qtde_pedido_90d,Número,Sim,"Sim ",Empresa,qtde_pedido_90d,D-1,Essencial,,,
forma_pagamento_assinatura_atual,Flag,Sim,"Sim ",Empresa,forma_pagamento_assinatura_atual,D-1,Essencial,,,
,Flag,Sim,"Sim ",Empresa,,D-1,Essencial,,,
,Flag,Sim,"Sim ",Empresa,,D-1,Essencial,,,